ch,gOSNR,OSNR
9,27.741103,30.342763
18,27.735508,30.332582
27,27.729920,30.322425
36,27.724339,30.312291
45,27.718765,30.302182
54,27.713199,30.292095
63,27.707639,30.282032
72,27.702087,30.271993
81,27.696541,30.261976
90,27.691003,30.251983
